{"cameraMode":{"drawMode":0,"name":"Shaded","section":"Shading Mode"},"sceneLighting":true,"audioPlay":false,"sceneViewState":{"showFog":true,"showMaterialUpdate":false,"showSkybox":false,"showFlares":true,"showImageEffects":true,"showParticleSystems":true},"in2DMode":false,"pivot":{"x":-14.482093811035157,"y":12.43223762512207,"z":67.04389953613281},"rotation":{"x":0.03469616174697876,"y":0.07818496972322464,"z":-0.002724708989262581,"w":0.9963508248329163},"size":141.8697967529297,"orthographic":false}