{"cameraMode":{"drawMode":0,"name":"Shaded","section":"Shading Mode"},"sceneLighting":true,"audioPlay":false,"sceneViewState":{"showFog":true,"showMaterialUpdate":false,"showSkybox":false,"showFlares":true,"showImageEffects":true,"showParticleSystems":true},"in2DMode":false,"pivot":{"x":-14.482093811035157,"y":12.43223762512207,"z":67.04389953613281},"rotation":{"x":0.034773923456668857,"y":0.0407756045460701,"z":-0.0014219919685274363,"w":0.9985817074775696},"size":184.75137329101563,"orthographic":false}