{"cameraMode":{"drawMode":0,"name":"Shaded","section":"Shading Mode"},"sceneLighting":true,"audioPlay":false,"sceneViewState":{"showFog":true,"showMaterialUpdate":false,"showSkybox":true,"showFlares":true,"showImageEffects":true,"showParticleSystems":true,"showVisualEffectGraphs":true,"m_FxEnabled":true},"in2DMode":false,"pivot":{"x":10.6899995803833,"y":0.2800000011920929,"z":0.01340535283088684},"rotation":{"x":0.23979003727436067,"y":-0.5841872692108154,"z":0.18609733879566194,"w":0.7527152895927429},"size":15.529693603515625,"orthographic":false}