{"cameraMode":{"drawMode":0,"name":"Shaded","section":"Shading Mode"},"sceneLighting":true,"audioPlay":false,"sceneViewState":{"showFog":true,"showMaterialUpdate":false,"showSkybox":true,"showFlares":true,"showImageEffects":true,"showParticleSystems":true,"showVisualEffectGraphs":true,"m_FxEnabled":true},"in2DMode":false,"pivot":{"x":689.6162719726563,"y":394.1529541015625,"z":164.76324462890626},"rotation":{"x":-0.031790778040885928,"y":0.02907819114625454,"z":-0.0009252491290681064,"w":-0.9990713000297546},"size":550.1231079101563,"orthographic":false}